{
  "machine_info": {
    "cpu": "arm64",
    "node": "mini.local"
  },
  "commit_info": {
    "commit": "2acff52"
  },
  "benchmarks": [
    {
      "group": "StataInit",
      "name": "stata_cold_init",
      "fullname": "real::StataInit::stata_cold_init",
      "params": {},
      "stats": {
        "min": 2.0560855419607833,
        "max": 2.0560855419607833,
        "mean": 2.0560855419607833,
        "stddev": 0.0,
        "rounds": 1,
        "median": 2.0560855419607833,
        "iqr": 0.0,
        "q1": 2.0560855419607833,
        "q3": 2.0560855419607833,
        "iqr_outliers": 0,
        "stddev_outliers": 0,
        "outliers": "0;0",
        "ld15iqr": 2.0560855419607833,
        "hd15iqr": 2.0560855419607833,
        "ops": 0.4863610874119329,
        "total": 2.0560855419607833,
        "iterations": 1,
        "durations": []
      },
      "options": {}
    },
    {
      "group": "CodeExecution",
      "name": "run_simple_code",
      "fullname": "real::CodeExecution::run_simple_code",
      "params": {},
      "stats": {
        "min": 0.00013808300718665123,
        "max": 0.0005862080142833292,
        "mean": 0.00014422836691318523,
        "stddev": 2.5473016408838855e-05,
        "rounds": 2079,
        "median": 0.00013933295849710703,
        "iqr": 3.04199056699872e-06,
        "q1": 0.00013870798284187913,
        "q3": 0.00014174997340887785,
        "iqr_outliers": 0,
        "stddev_outliers": 0,
        "outliers": "0;0",
        "ld15iqr": 0.00013870798284187913,
        "hd15iqr": 0.00014174997340887785,
        "ops": 6933.448817332347,
        "total": 0.2998507748125121,
        "iterations": 1,
        "durations": []
      },
      "options": {
        "disable_gc": true,
        "timer": "perf_counter",
        "min_time": 0.3,
        "warmup": 3
      }
    },
    {
      "group": "CodeExecution",
      "name": "run_no_echo",
      "fullname": "real::CodeExecution::run_no_echo",
      "params": {},
      "stats": {
        "min": 0.00013708299957215786,
        "max": 0.0005177080165594816,
        "mean": 0.00014695733809597133,
        "stddev": 2.7948925141251466e-05,
        "rounds": 2040,
        "median": 0.00013945798855274916,
        "iqr": 9.834009688347578e-06,
        "q1": 0.0001379160094074905,
        "q3": 0.00014775001909583807,
        "iqr_outliers": 0,
        "stddev_outliers": 0,
        "outliers": "0;0",
        "ld15iqr": 0.0001379160094074905,
        "hd15iqr": 0.00014775001909583807,
        "ops": 6804.6959271060305,
        "total": 0.2997929697157815,
        "iterations": 1,
        "durations": []
      },
      "options": {
        "disable_gc": true,
        "timer": "perf_counter",
        "min_time": 0.3,
        "warmup": 3
      }
    },
    {
      "group": "CodeExecution",
      "name": "run_file",
      "fullname": "real::CodeExecution::run_file",
      "params": {},
      "stats": {
        "min": 0.0002867919974960387,
        "max": 0.0005612910026684403,
        "mean": 0.0003104810888282839,
        "stddev": 2.8975508226901515e-05,
        "rounds": 967,
        "median": 0.0003024580073542893,
        "iqr": 1.91659783013165e-05,
        "q1": 0.0002947920002043247,
        "q3": 0.0003139579785056412,
        "iqr_outliers": 0,
        "stddev_outliers": 0,
        "outliers": "0;0",
        "ld15iqr": 0.0002947920002043247,
        "hd15iqr": 0.0003139579785056412,
        "ops": 3220.8080813355577,
        "total": 0.30023521289695054,
        "iterations": 1,
        "durations": []
      },
      "options": {
        "disable_gc": true,
        "timer": "perf_counter",
        "min_time": 0.3,
        "warmup": 3
      }
    },
    {
      "group": "CodeExecution",
      "name": "run_multiline_code",
      "fullname": "real::CodeExecution::run_multiline_code",
      "params": {},
      "stats": {
        "min": 0.0002899169921875,
        "max": 0.0006672909948974848,
        "mean": 0.00032421108943001936,
        "stddev": 3.3672868636603224e-05,
        "rounds": 3084,
        "median": 0.0003147914831060916,
        "iqr": 1.9415980204939842e-05,
        "q1": 0.0003084170166403055,
        "q3": 0.00032783299684524536,
        "iqr_outliers": 0,
        "stddev_outliers": 0,
        "outliers": "0;0",
        "ld15iqr": 0.0003084170166403055,
        "hd15iqr": 0.00032783299684524536,
        "ops": 3084.4102271703728,
        "total": 0.9998669998021796,
        "iterations": 1,
        "durations": []
      },
      "options": {
        "disable_gc": true,
        "timer": "perf_counter",
        "min_time": 0.3,
        "warmup": 3
      }
    },
    {
      "group": "CodeExecution",
      "name": "run_with_output_truncation",
      "fullname": "real::CodeExecution::run_with_output_truncation",
      "params": {},
      "stats": {
        "min": 0.0001372919650748372,
        "max": 0.0007594999624416232,
        "mean": 0.0001444672884670094,
        "stddev": 2.438918894239747e-05,
        "rounds": 6918,
        "median": 0.00013833300909027457,
        "iqr": 4.62500611320138e-06,
        "q1": 0.00013800000306218863,
        "q3": 0.00014262500917539,
        "iqr_outliers": 0,
        "stddev_outliers": 0,
        "outliers": "0;0",
        "ld15iqr": 0.00013800000306218863,
        "hd15iqr": 0.00014262500917539,
        "ops": 6921.982205185227,
        "total": 0.999424701614771,
        "iterations": 1,
        "durations": []
      },
      "options": {
        "disable_gc": true,
        "timer": "perf_counter",
        "min_time": 0.3,
        "warmup": 3
      }
    },
    {
      "group": "DataInspection",
      "name": "inspect_describe",
      "fullname": "real::DataInspection::inspect_describe",
      "params": {},
      "stats": {
        "min": 6.945797940716147e-05,
        "max": 0.0001027500256896019,
        "mean": 7.243059374469024e-05,
        "stddev": 2.9818602682646e-06,
        "rounds": 4137,
        "median": 7.158302469179034e-05,
        "iqr": 3.4999684430658817e-06,
        "q1": 7.025001104921103e-05,
        "q3": 7.374997949227691e-05,
        "iqr_outliers": 0,
        "stddev_outliers": 0,
        "outliers": "0;0",
        "ld15iqr": 7.025001104921103e-05,
        "hd15iqr": 7.374997949227691e-05,
        "ops": 13806.320620881397,
        "total": 0.2996453663217835,
        "iterations": 1,
        "durations": []
      },
      "options": {
        "disable_gc": true,
        "timer": "perf_counter",
        "min_time": 0.3,
        "warmup": 3
      }
    },
    {
      "group": "DataInspection",
      "name": "inspect_describe_with_varlist",
      "fullname": "real::DataInspection::inspect_describe_with_varlist",
      "params": {},
      "stats": {
        "min": 3.912503598257899e-05,
        "max": 8.074997458606958e-05,
        "mean": 4.10967113057078e-05,
        "stddev": 2.7522178369407914e-06,
        "rounds": 7283,
        "median": 3.987498348578811e-05,
        "iqr": 2.166023477911949e-06,
        "q1": 3.9624981582164764e-05,
        "q3": 4.1791005060076714e-05,
        "iqr_outliers": 0,
        "stddev_outliers": 0,
        "outliers": "0;0",
        "ld15iqr": 3.9624981582164764e-05,
        "hd15iqr": 4.1791005060076714e-05,
        "ops": 24332.84728214038,
        "total": 0.29930734843946993,
        "iterations": 1,
        "durations": []
      },
      "options": {
        "disable_gc": true,
        "timer": "perf_counter",
        "min_time": 0.3,
        "warmup": 3
      }
    },
    {
      "group": "DataInspection",
      "name": "inspect_summary",
      "fullname": "real::DataInspection::inspect_summary",
      "params": {},
      "stats": {
        "min": 0.00010854098945856094,
        "max": 0.0033442500280216336,
        "mean": 0.00011680690986352832,
        "stddev": 7.529024388317057e-05,
        "rounds": 2567,
        "median": 0.00011262501357123256,
        "iqr": 5.792011506855488e-06,
        "q1": 0.00011062499834224582,